<?xml version="1.0" encoding="UTF-8"?>
<project-private xmlns="http://www.netbeans.org/ns/project-private/1">
    <editor-bookmarks xmlns="http://www.netbeans.org/ns/editor-bookmarks/2" lastBookmarkId="0"/>
    <open-files xmlns="http://www.netbeans.org/ns/projectui-open-files/2">
        <group>
            <file>file:/C:/Users/Dell/Documents/NetBeansProjects/Actividade2/src/actividade2/Mamifero.java</file>
            <file>file:/C:/Users/Dell/Documents/NetBeansProjects/Actividade2/src/actividade2/Actividade2.java</file>
            <file>file:/C:/Users/Dell/Documents/NetBeansProjects/Actividade2/src/actividade2/Validacao.java</file>
            <file>file:/C:/Users/Dell/Documents/NetBeansProjects/Actividade2/src/actividade2/Peixe.java</file>
            <file>file:/C:/Users/Dell/Documents/NetBeansProjects/Actividade2/src/actividade2/Tarefa.java</file>
            <file>file:/C:/Users/Dell/Documents/NetBeansProjects/Actividade2/src/actividade2/Animal.java</file>
        </group>
    </open-files>
</project-private>
